,article,rank
0,772,0.15006396909414746
1,1029,0.15006396909414746
2,1036,0.15006396909414746
3,Harald Bluetooth,0.15006396909414746
4,690s,0.15006396909414746
