article	rank
"""love and theft"""	0.15
'ndrangheta	0.17348307397432003
's-hertogenbosch	0.18902817716794112
-gry	0.15028475762130802
...baby one more time	0.15243544668825165
